Rk,Player,Age,Team,Pos,G,GS,Tgt,Rec,Yds,Y/R,TD,1D,Succ%,Lng,R/G,Y/G,Ctch%,Y/Tgt,Fmb,Awards,-9999
1,CeeDee Lamb,24,DAL,WR,17,17,181,135,1749,13.0,12,80,63.5,92,7.9,102.9,74.6,9.7,3,PBAP-1AP OPoY-3,LambCe00
2,Tyreek Hill,29,MIA,WR,16,16,171,119,1799,15.1,13,83,57.9,78,7.4,112.4,69.6,10.5,1,PBAP-1AP MVP-6AP OPoY-2,HillTy00
3,Amon-Ra St. Brown,24,DET,WR,16,16,164,119,1515,12.7,10,75,61.6,70,7.4,94.7,72.6,9.2,1,PBAP-1,StxxAm00
4,Evan Engram,29,JAX,TE,17,15,143,114,963,8.4,4,47,53.1,34,6.7,56.6,79.7,6.7,3,PB,EngrEv00
5,Michael Pittman Jr.,26,IND,WR,16,15,156,109,1152,10.6,4,53,51.9,75,6.8,72.0,69.9,7.4,2,,PittMi01
6,Keenan Allen,31,LAC,WR,13,13,150,108,1243,11.5,7,57,58.7,42,8.3,95.6,72.0,8.3,2,PB,AlleKe00
7,Stefon Diggs,30,BUF,WR,17,17,160,107,1183,11.1,8,58,55.0,55,6.3,69.6,66.9,7.4,2,PB,DiggSt00
8,A.J. Brown,26,PHI,WR,17,17,158,106,1456,13.7,7,70,56.3,59,6.2,85.6,67.1,9.2,2,PBAP-2,BrowAJ00
9,Puka Nacua,22,LAR,WR,17,17,160,105,1486,14.2,6,68,56.9,80,6.2,87.4,65.6,9.3,1,PBAP-2AP ORoY-2,NacuPu00
10,Davante Adams,31,LVR,WR,17,17,175,103,1144,11.1,8,59,48.6,46,6.1,67.3,58.9,6.5,0,,AdamDa01
11,Adam Thielen,33,CAR,WR,17,17,137,103,1014,9.8,4,56,58.4,32,6.1,59.6,75.2,7.4,2,,ThieAd00
12,Ja'Marr Chase,23,CIN,WR,16,16,145,100,1216,12.2,7,63,56.6,76,6.3,76.0,69.0,8.4,1,PB,ChasJa00
13,D.J. Moore,26,CHI,WR,17,17,136,96,1364,14.2,8,64,59.6,58,5.6,80.2,70.6,10.0,1,,MoorD.00
14,T.J. Hockenson,26,MIN,TE,15,11,127,95,960,10.1,5,48,53.5,29,6.3,64.0,74.8,7.6,1,,HockTJ00
15,Garrett Wilson,23,NYJ,WR,17,17,168,95,1042,11.0,3,47,44.0,68,5.6,61.3,56.5,6.2,2,,WilsGa00
16,Travis Kelce,34,KAN,TE,15,15,121,93,984,10.6,5,50,62.0,53,6.2,65.6,76.9,8.1,1,PB,KelcTr00
17,Chris Olave,23,NOR,WR,16,11,138,87,1123,12.9,5,57,53.6,51,5.4,70.2,63.0,8.1,0,,OlavCh00
18,Sam LaPorta,22,DET,TE,17,14,120,86,889,10.3,10,48,55.8,48,5.1,52.3,71.7,7.4,0,PBAP-2AP ORoY-3,LaPoSa01
19,Chris Godwin,27,TAM,WR,17,17,130,83,1024,12.3,2,53,50.0,47,4.9,60.2,63.8,7.9,0,,GodwCh00
20,Trey McBride,24,ARI,TE,17,12,106,81,825,10.2,3,42,57.5,38,4.8,48.5,76.4,7.8,1,,McBrTr01
21,David Njoku,27,CLE,TE,16,16,123,81,882,10.9,6,35,43.9,43,5.1,55.1,65.9,7.2,2,PB,NjokDa00
22,DeVonta Smith,25,PHI,WR,16,16,112,81,1066,13.2,7,47,55.4,63,5.1,66.6,72.3,9.5,1,,SmitDe07
23,Nico Collins,24,HOU,WR,15,10,109,80,1297,16.2,8,53,61.5,75,5.3,86.5,73.4,11.9,1,,CollNi00
24,Mike Evans,30,TAM,WR,17,17,136,79,1255,15.9,13,54,53.7,75,4.6,73.8,58.1,9.2,0,PBAP-2,EvanMi00
25,Tyler Lockett,31,SEA,WR,17,17,122,79,894,11.3,5,47,58.2,37,4.6,52.6,64.8,7.3,0,,LockTy00
26,Terry McLaurin,28,WAS,WR,17,17,132,79,1002,12.7,4,47,49.2,48,4.6,58.9,59.8,7.6,0,,McLaTe00
27,Rashee Rice,23,KAN,WR,16,8,102,79,938,11.9,7,44,61.8,67,4.9,58.6,77.5,9.2,2,AP ORoY-6,RiceRa01
28,Zay Flowers,23,BAL,WR,16,16,108,77,858,11.1,5,41,55.6,75,4.8,53.6,71.3,7.9,0,AP ORoY-6,FlowZa00
29,Breece Hall,22,NYJ,RB,17,16,95,76,591,7.8,4,28,40.0,50,4.5,34.8,80.0,6.2,2,AP CPoY-7,HallBr03
30,Calvin Ridley,29,JAX,WR,17,17,136,76,1016,13.4,8,49,48.5,59,4.5,59.8,55.9,7.5,1,AP CPoY-7,RidlCa00
31,Brandon Aiyuk,25,SFO,WR,16,16,105,75,1342,17.9,7,61,70.5,76,4.7,83.9,71.4,12.8,1,AP-2,AiyuBr00
32,DeAndre Hopkins,31,TEN,WR,17,16,137,75,1057,14.1,7,48,43.8,61,4.4,62.2,54.7,7.7,0,,HopkDe00
33,Alvin Kamara,28,NOR,RB,13,12,86,75,466,6.2,1,23,45.3,25,5.8,35.8,87.2,5.4,0,,KamaAl00
34,Dalton Kincaid,24,BUF,TE,16,11,91,73,673,9.2,2,29,61.5,51,4.6,42.1,80.2,7.4,1,,KincDa00
35,Cole Kmet,24,CHI,TE,17,17,90,73,719,9.8,6,36,62.2,53,4.3,42.3,81.1,8.0,1,,KmetCo00
36,Amari Cooper,29,CLE,WR,15,15,128,72,1250,17.4,5,50,53.1,75,4.8,83.3,56.3,9.8,2,PB,CoopAm00
37,Jaylen Waddle,25,MIA,WR,14,14,104,72,1014,14.1,4,47,58.7,60,5.1,72.4,69.2,9.8,0,,WaddJa00
38,Jake Ferguson,24,DAL,TE,17,16,102,71,761,10.7,5,40,55.9,40,4.2,44.8,69.6,7.5,0,PB,FergJa00
39,Jakobi Meyers,27,LVR,WR,16,16,106,71,807,11.4,8,46,54.7,33,4.4,50.4,67.0,7.6,0,,MeyeJa01
40,Jordan Addison,21,MIN,WR,17,14,108,70,911,13.0,10,38,50.0,62,4.1,53.6,64.8,8.4,0,,AddiJo00
41,Drake London,22,ATL,WR,16,16,110,69,905,13.1,2,45,52.7,45,4.3,56.6,62.7,8.2,0,,LondDr00
42,Josh Downs,22,IND,WR,17,9,98,68,771,11.3,2,30,50.0,59,4.0,45.4,69.4,7.9,0,,DownJo00
43,Justin Jefferson,24,MIN,WR,10,9,100,68,1074,15.8,5,51,61.0,52,6.8,107.4,68.0,10.7,1,,JeffJu00
44,Tyler Boyd,29,CIN,WR,17,13,98,67,667,10.0,2,28,46.9,64,3.9,39.2,68.4,6.8,0,,BoydTy00
45,Christian McCaffrey,27,SFO,RB,16,16,83,67,564,8.4,7,31,55.4,41,4.2,35.3,80.7,6.8,3,PBAP-1AP MVP-3AP OPoY-1,McCaCh01
46,D.K. Metcalf,26,SEA,WR,16,16,119,66,1114,16.9,8,52,51.3,73,4.1,69.6,55.5,9.4,0,PB,MetcDK00
47,George Kittle,30,SFO,TE,16,16,90,65,1020,15.7,6,42,60.0,66,4.1,63.8,72.2,11.3,0,PBAP-1,KittGe00
48,Jayden Reed,23,GNB,WR,16,13,94,64,793,12.4,8,32,51.1,59,4.0,49.6,68.1,8.4,2,AP ORoY-6,ReedJa03
49,Rachaad White,24,TAM,RB,17,17,70,64,549,8.6,3,23,54.3,43,3.8,32.3,91.4,7.8,3,,WhitRa01
50,George Pickens,22,PIT,WR,17,16,106,63,1140,18.1,5,42,50.9,86,3.7,67.1,59.4,10.8,3,,PickGe00
51,Jaxon Smith-Njigba,21,SEA,WR,17,3,93,63,628,10.0,4,29,47.3,35,3.7,36.9,67.7,6.8,0,,SmitJa06
52,Curtis Samuel,27,WAS,WR,16,13,91,62,613,9.9,4,26,50.5,37,3.9,38.3,68.1,6.7,0,,SamuCu00
53,Tyler Conklin,28,NYJ,TE,17,12,87,61,621,10.2,0,27,44.8,37,3.6,36.5,70.1,7.1,0,,ConkTy00
54,Jaylen Warren,25,PIT,RB,17,0,74,61,370,6.1,0,19,44.6,30,3.6,21.8,82.4,5.0,4,,WarrJa01
55,Wan'Dale Robinson,22,NYG,WR,15,8,78,60,525,8.8,1,29,53.8,33,4.0,35.0,76.9,6.7,0,,RobiWa01
56,Deebo Samuel,27,SFO,WR,15,15,89,60,892,14.9,7,34,56.2,54,4.0,59.5,67.4,10.0,1,,SamuDe00
57,Romeo Doubs,23,GNB,WR,17,16,96,59,674,11.4,8,41,51.0,36,3.5,39.6,61.5,7.0,1,,DoubRo00
58,Dallas Goedert,28,PHI,TE,14,14,83,59,592,10.0,3,33,60.2,49,4.2,42.3,71.1,7.1,0,,GoedDa00
59,Cooper Kupp,30,LAR,WR,12,12,95,59,737,12.5,5,33,49.5,62,4.9,61.4,62.1,7.8,0,,KuppCo00
60,Elijah Moore,23,CLE,WR,17,12,104,59,640,10.8,2,29,42.3,42,3.5,37.6,56.7,6.2,2,,MoorEl00
61,Dalton Schultz,27,HOU,TE,15,8,88,59,635,10.8,5,35,52.3,31,3.9,42.3,67.0,7.2,1,,SchuDa00
62,Courtland Sutton,28,DEN,WR,16,14,90,59,772,13.1,10,37,54.4,46,3.7,48.3,65.6,8.6,3,,SuttCo00
63,Travis Etienne,24,JAX,RB,17,17,73,58,476,8.2,1,23,49.3,56,3.4,28.0,79.5,6.5,0,AP OPoY-8,EtieTr00
64,Bijan Robinson,21,ATL,RB,17,16,86,58,487,8.4,4,24,45.3,71,3.4,28.6,67.4,5.7,4,AP ORoY-5,RobiBi01
65,Christian Kirk,27,JAX,WR,12,12,85,57,787,13.8,3,34,57.6,57,4.8,65.6,67.1,9.3,2,,KirkCh01
66,Tony Pollard,26,DAL,RB,17,17,67,55,311,5.7,0,12,43.3,60,3.2,18.3,82.1,4.6,3,,PollTo00
67,Logan Thomas,32,WAS,TE,16,15,78,55,496,9.0,4,21,56.4,29,3.4,31.0,70.5,6.4,2,,ThomLo00
68,Brandin Cooks,30,DAL,WR,16,15,81,54,657,12.2,8,38,59.3,37,3.4,41.1,66.7,8.1,1,,CookBr00
69,Jerry Jeudy,24,DEN,WR,16,11,87,54,758,14.0,2,28,46.0,47,3.4,47.4,62.1,8.7,1,,JeudJe00
70,Chigoziem Okonkwo,24,TEN,TE,17,11,77,54,528,9.8,1,25,48.1,39,3.2,31.1,70.1,6.9,0,,OkonCh00
71,Kyle Pitts,23,ATL,TE,17,15,90,53,667,12.6,3,35,52.2,39,3.1,39.2,58.9,7.4,0,,PittKy00
72,Jahmyr Gibbs,21,DET,RB,15,3,71,52,316,6.1,1,20,46.5,24,3.5,21.1,73.2,4.5,2,PBAP ORoY-4,GibbJa01
73,Joe Mixon,27,CIN,RB,17,17,64,52,376,7.2,3,14,54.7,45,3.1,22.1,81.3,5.9,0,,MixoJo00
74,Tyjae Spears,22,TEN,RB,17,1,70,52,385,7.4,1,17,34.3,48,3.1,22.6,74.3,5.5,1,,SpeaTy00
75,Darren Waller,31,NYG,TE,12,11,74,52,552,10.6,1,25,56.8,29,4.3,46.0,70.3,7.5,0,,WallDa01
76,Marquise Brown,26,ARI,WR,14,14,101,51,574,11.3,4,32,42.6,41,3.6,41.0,50.5,5.7,0,,BrowMa04
77,Austin Ekeler,28,LAC,RB,14,14,74,51,436,8.5,1,20,43.2,39,3.6,31.1,68.9,5.9,5,,EkelAu00
78,Ezekiel Elliott,28,NWE,RB,17,5,65,51,313,6.1,2,12,40.0,23,3.0,18.4,78.5,4.8,2,,ElliEz00
79,Gerald Everett,29,LAC,TE,15,12,70,51,411,8.1,3,25,50.0,31,3.4,27.4,72.9,5.9,3,,EverGe00
80,Diontae Johnson,27,PIT,WR,13,11,87,51,717,14.1,5,37,52.9,71,3.9,55.2,58.6,8.2,1,,JohnDi01
81,Samaje Perine,28,DEN,RB,17,1,56,50,455,9.1,0,23,67.9,29,2.9,26.8,89.3,8.1,3,,PeriSa00
82,Darius Slayton,26,NYG,WR,17,13,79,50,770,15.4,4,29,49.4,80,2.9,45.3,63.3,9.7,0,,SlayDa01
83,Jonnu Smith,28,ATL,TE,17,6,70,50,582,11.6,3,26,51.4,60,2.9,34.2,71.4,8.3,1,,SmitJo01
84,Jahan Dotson,23,WAS,WR,17,16,83,49,518,10.6,4,27,48.2,33,2.9,30.5,59.0,6.2,0,,DotsJa00
85,Demario Douglas,23,NWE,WR,14,7,79,49,561,11.4,0,26,45.6,42,3.5,40.1,62.0,7.1,3,,DougDe00
86,Antonio Gibson,25,WAS,RB,16,2,59,48,389,8.1,2,19,44.1,41,3.0,24.3,81.4,6.6,4,,GibsAn00
87,K.J. Osborn,26,MIN,WR,16,12,75,48,540,11.3,3,28,45.3,47,3.0,33.8,64.0,7.2,1,,OsboKJ00
88,Tank Dell,24,HOU,WR,11,8,75,47,709,15.1,7,34,54.7,68,4.3,64.5,62.7,9.5,1,,DellNa00
89,Tyler Higbee,30,LAR,TE,15,15,70,47,495,10.5,2,26,57.1,33,3.1,33.0,67.1,7.1,0,,HigbTy00
90,Cade Otton,24,TAM,TE,17,17,67,47,455,9.7,4,22,49.3,27,2.8,26.8,70.1,6.8,1,,OttoCa00
91,Javonte Williams,23,DEN,RB,16,13,58,47,228,4.9,2,10,48.3,18,2.9,14.3,81.0,3.9,1,,WillJa10
92,Rashid Shaheed,25,NOR,WR,15,8,75,46,719,15.6,5,27,46.7,58,3.1,47.9,61.3,9.6,1,PBAP-1,ShahRa00
93,Mark Andrews,28,BAL,TE,10,9,61,45,544,12.1,6,27,62.3,38,4.5,54.4,73.8,8.9,1,,AndrMa00
94,Gabriel Davis,24,BUF,WR,17,17,81,45,746,16.6,7,34,53.1,57,2.6,43.9,55.6,9.2,1,,DaviGa01
95,James Cook,24,BUF,RB,17,13,54,44,445,10.1,4,16,59.3,48,2.6,26.2,81.5,8.2,4,PB,CookJa01
96,Jerome Ford,24,CLE,RB,17,12,63,44,319,7.3,5,16,41.3,50,2.6,18.8,69.8,5.1,1,,FordJe00
97,Isiah Pacheco,24,KAN,RB,14,13,49,44,244,5.5,2,12,44.9,33,3.1,17.4,89.8,5.0,1,,PachIs00
98,Jonathan Mingo,22,CAR,WR,15,14,85,43,418,9.7,0,15,32.9,40,2.9,27.9,50.6,4.9,1,,MingJo00
99,Hunter Henry,29,NWE,TE,14,10,61,42,419,10.0,6,29,63.9,24,3.0,29.9,68.9,6.9,1,,HenrHu00
100,Tee Higgins,24,CIN,WR,12,11,76,42,656,15.6,5,33,53.9,80,3.5,54.7,55.3,8.6,0,,HiggTe00
101,Saquon Barkley,26,NYG,RB,14,14,60,41,280,6.8,4,16,43.3,46,2.9,20.0,68.3,4.7,2,,BarkSa00
102,Rondale Moore,23,ARI,WR,17,8,62,40,352,8.8,1,17,38.7,48,2.4,20.7,64.5,5.7,1,,MoorRo02
103,Josh Reynolds,28,DET,WR,17,13,64,40,608,15.2,5,32,56.3,33,2.4,35.8,62.5,9.5,1,,ReynJo00
104,Robert Woods,31,HOU,WR,14,11,75,40,426,10.7,1,26,45.3,26,2.9,30.4,53.3,5.7,0,,WoodRo02
105,Tutu Atwell,24,LAR,WR,16,14,67,39,483,12.4,3,26,47.8,44,2.4,30.2,58.2,7.2,0,,AtweTu00
106,Chuba Hubbard,24,CAR,RB,17,12,44,39,233,6.0,0,9,36.4,25,2.3,13.7,88.6,5.3,1,,HubbCh01
107,Tanner Hudson,29,CIN,TE,12,1,50,39,352,9.0,1,21,58.0,26,3.3,29.3,78.0,7.0,0,,HudsTa00
108,Trey Palmer,22,TAM,WR,17,8,68,39,385,9.9,3,17,41.2,54,2.3,22.6,57.4,5.7,3,,PalmTr00
109,Khalil Shakir,23,BUF,WR,17,10,45,39,611,15.7,2,26,73.3,81,2.3,35.9,86.7,13.6,1,,ShakKh00
110,D'Andre Swift,24,PHI,RB,16,15,49,39,214,5.5,1,8,42.9,20,2.4,13.4,79.6,4.4,3,PB,SwifDA00
111,Michael Thomas,30,NOR,WR,10,7,64,39,448,11.5,1,21,54.7,31,3.9,44.8,60.9,7.0,0,,ThomMi05
112,Dontayvion Wicks,22,GNB,WR,15,6,58,39,581,14.9,4,29,62.1,35,2.6,38.7,67.2,10.0,3,,WickDo00
113,Quentin Johnston,22,LAC,WR,17,10,67,38,431,11.3,2,20,47.8,57,2.2,25.4,56.7,6.4,0,,JohnQu02
114,Josh Palmer,24,LAC,WR,10,6,61,38,581,15.3,2,22,47.5,79,3.8,58.1,62.3,9.5,1,,PalmJo00
115,Rhamondre Stevenson,25,NWE,RB,12,12,51,38,238,6.3,0,8,35.3,34,3.2,19.8,74.5,4.7,1,,StevRh00
116,Michael Wilson,23,ARI,WR,13,12,58,38,565,14.9,3,29,56.9,69,2.9,43.5,65.5,9.7,0,,WilsMi02
117,Kendrick Bourne,28,NWE,WR,8,5,55,37,406,11.0,4,15,49.1,36,4.6,50.8,67.3,7.4,1,,BourKe00
118,Josh Jacobs,25,LVR,RB,13,13,54,37,296,8.0,0,15,55.6,21,2.8,22.8,68.5,5.5,3,,JacoJo01
119,Juwan Johnson,27,NOR,TE,13,11,59,37,368,9.9,4,23,50.8,32,2.8,28.3,62.7,6.2,0,,JohnJu02
120,Brian Robinson Jr.,24,WAS,RB,15,15,43,36,368,10.2,4,15,53.5,51,2.4,24.5,83.7,8.6,4,,RobiBr01
121,Nelson Agholor,30,BAL,WR,17,3,45,35,381,10.9,4,19,55.6,37,2.1,22.4,77.8,8.5,1,,AghoNe00
122,Odell Beckham Jr.,31,BAL,WR,14,6,64,35,565,16.1,3,27,50.0,51,2.5,40.4,54.7,8.8,1,,BeckOd00
123,DJ Chark,27,CAR,WR,15,11,66,35,525,15.0,5,22,43.9,47,2.3,35.0,53.0,8.0,2,,CharDJ00
124,Kalif Raymond,29,DET,WR,17,3,44,35,489,14.0,1,20,65.9,41,2.1,28.8,79.5,11.1,1,,RaymKa00
125,Durham Smythe,28,MIA,TE,16,14,43,35,366,10.5,0,22,72.1,22,2.2,22.9,81.4,8.5,0,,SmytDu00
126,Michael Gallup,27,DAL,WR,17,13,57,34,418,12.3,2,19,50.9,41,2.0,24.6,59.6,7.3,0,,GallMi00
127,Roschon Johnson,22,CHI,RB,15,0,40,34,209,6.1,0,6,27.5,24,2.3,13.9,85.0,5.2,1,,JohnRo07
128,Zay Jones,28,JAX,WR,9,7,64,34,321,9.4,2,14,43.8,36,3.8,35.7,53.1,5.0,0,,JoneZa00
129,Luke Musgrave,23,GNB,TE,11,9,46,34,352,10.4,1,14,50.0,37,3.1,32.0,73.9,7.7,0,,MusgLu00
130,Allen Robinson,30,PIT,WR,17,17,49,34,280,8.2,0,9,44.9,31,2.0,16.5,69.4,5.7,0,,RobiAl02
131,Noah Brown,27,HOU,WR,10,7,55,33,567,17.2,2,24,52.7,75,3.3,56.7,60.0,10.3,0,,BrowNo00
132,Zach Charbonnet,22,SEA,RB,16,2,40,33,209,6.3,0,7,45.0,39,2.1,13.1,82.5,5.2,0,,CharZa00
133,Taysom Hill,33,NOR,TE/QB,16,7,40,33,291,8.8,2,11,57.5,36,2.1,18.2,82.5,7.3,1,,HillTa00
134,DeVante Parker,30,NWE,WR,13,13,55,33,394,11.9,0,17,49.1,30,2.5,30.3,60.0,7.2,0,,ParkDe01
135,Rashod Bateman,24,BAL,WR,16,12,56,32,367,11.5,1,20,50.0,29,2.0,22.9,57.1,6.6,0,,BateRa00
136,Noah Fant,26,SEA,TE,17,17,43,32,414,12.9,0,16,60.5,51,1.9,24.4,74.4,9.6,0,,FantNo00
137,Pat Freiermuth,25,PIT,TE,12,9,47,32,308,9.6,2,17,48.9,29,2.7,25.7,68.1,6.6,0,,FreiPa00
138,Alec Pierce,23,IND,WR,17,16,65,32,514,16.1,2,24,46.2,58,1.9,30.2,49.2,7.9,0,,PierAl00
139,Kyren Williams,23,LAR,RB,12,11,48,32,206,6.4,3,9,43.8,24,2.7,17.2,66.7,4.3,3,PBAP-2,WillKy02
140,Tucker Kraft,23,GNB,TE,17,8,40,31,355,11.5,2,18,67.5,43,1.8,20.9,77.5,8.9,0,,KrafTu00
141,Jaleel McLaughlin,23,DEN,RB,17,3,36,31,160,5.2,2,5,38.9,22,1.8,9.4,86.1,4.4,0,,McLaJa00
142,Darnell Mooney,26,CHI,WR,15,14,61,31,414,13.4,1,20,41.0,41,2.1,27.6,50.8,6.8,0,,MoonDa00
143,Kenneth Gainwell,24,PHI,RB,16,2,37,30,183,6.1,0,11,48.6,19,1.9,11.4,81.1,4.9,3,,GainKe00
144,Kylen Granson,25,IND,TE,15,7,50,30,368,12.3,1,19,46.0,46,2.0,24.5,60.0,7.4,0,,GranKy00
145,Aaron Jones,29,GNB,RB,11,11,43,30,233,7.8,1,13,39.5,51,2.7,21.2,69.8,5.4,2,,JoneAa00
146,Isaiah Likely,23,BAL,TE,17,8,40,30,411,13.7,5,15,60.0,54,1.8,24.2,75.0,10.3,0,,LikeIs00
147,Alexander Mattison,25,MIN,RB,16,13,44,30,192,6.4,3,5,34.1,47,1.9,12.0,68.2,4.4,3,,MattAl01
148,Devin Singletary,26,HOU,RB,17,10,38,30,193,6.4,0,7,36.8,41,1.8,11.4,78.9,5.1,1,,SingDe00
149,Mike Gesicki,28,NWE,TE,17,10,45,29,244,8.4,2,11,44.4,18,1.7,14.4,64.4,5.4,0,,GesiMi00
150,Najee Harris,25,PIT,RB,17,17,38,29,170,5.9,0,9,50.0,32,1.7,10.0,76.3,4.5,2,,HarrNa00
151,Brandon Powell,28,MIN,WR,17,2,44,29,324,11.2,1,18,50.0,28,1.7,19.1,65.9,7.4,1,,PoweBr00
152,JuJu Smith-Schuster,27,NWE,WR,11,7,47,29,260,9.0,1,13,42.6,37,2.6,23.6,61.7,5.5,0,,SmitJu00
153,Kenneth Walker III,23,SEA,RB,15,15,37,29,259,8.9,1,9,43.2,64,1.9,17.3,78.4,7.0,1,,WalkKe00
154,Noah Gray,24,KAN,TE,17,10,41,28,305,10.9,2,16,53.7,34,1.6,17.9,68.3,7.4,0,,GrayNo00
155,Derrick Henry,29,TEN,RB,17,17,36,28,214,7.6,0,7,44.4,46,1.6,12.6,77.8,5.9,0,PB,HenrDe00
156,Justice Hill,26,BAL,RB,16,5,39,28,206,7.4,1,8,30.8,24,1.8,12.9,71.8,5.3,1,,HillJu00
157,Christian Watson,24,GNB,WR,9,9,53,28,422,15.1,5,20,50.9,77,3.1,46.9,52.8,8.0,0,,WatsCh00
158,Nick Westbrook-Ikhine,26,TEN,WR,14,9,45,28,370,13.2,3,18,57.8,33,2.0,26.4,62.2,8.2,0,,WestNi00
159,De'Von Achane,22,MIA,RB,11,4,37,27,197,7.3,3,10,48.6,23,2.5,17.9,73.0,5.3,1,,AchaDe00
160,Braxton Berrios,28,MIA,WR,16,1,33,27,238,8.8,1,15,57.6,22,1.7,14.9,81.8,7.2,1,,BerrBr00
161,James Conner,28,ARI,RB,13,13,33,27,165,6.1,2,11,39.4,34,2.1,12.7,81.8,5.0,0,,ConnJa00
162,Zach Ertz,33,ARI,TE,7,7,43,27,187,6.9,1,8,41.9,17,3.9,26.7,62.8,4.3,0,,ErtzZa00
163,Michael Mayer,22,LVR,TE,14,12,40,27,304,11.3,2,19,60.0,32,1.9,21.7,67.5,7.6,0,,MayeMi00
164,Zack Moss,26,IND,RB,14,8,37,27,192,7.1,2,10,35.1,26,1.9,13.7,73.0,5.2,0,,MossZa00
165,Donald Parham,26,LAC,TE,14,8,41,27,285,10.6,4,22,61.0,24,1.9,20.4,65.9,7.0,0,,ParhDo00
166,Miles Sanders,26,CAR,RB,16,5,41,27,154,5.7,0,8,39.0,14,1.7,9.6,65.9,3.8,2,,SandMi01
167,Kadarius Toney,24,KAN,WR,13,2,38,27,169,6.3,1,12,44.7,18,2.1,13.0,71.1,4.4,1,,ToneKa00
168,Justin Watson,27,KAN,WR,16,8,53,27,460,17.0,3,21,50.9,41,1.7,28.8,50.9,8.7,1,,WatsJu01
169,Demarcus Robinson,29,LAR,WR,16,4,39,26,371,14.3,4,20,59.0,37,1.6,23.2,66.7,9.5,2,,RobiDe01
170,Daniel Bellinger,23,NYG,TE,17,13,28,25,255,10.2,0,6,39.3,26,1.5,15.0,89.3,9.1,0,,BellDa00
171,Austin Hooper,29,LVR,TE,17,9,31,25,234,9.4,0,12,61.3,21,1.5,13.8,80.6,7.5,0,,HoopAu00
172,Trenton Irwin,28,CIN,WR,16,5,32,25,316,12.6,1,15,59.4,32,1.6,19.8,78.1,9.9,2,,IrwiTr00
173,Jerick McKinnon,31,KAN,RB,12,0,32,25,192,7.7,4,10,43.8,27,2.1,16.0,78.1,6.0,0,,McKiJe00
174,Raheem Mostert,31,MIA,RB,15,15,32,25,175,7.0,3,6,40.6,22,1.7,11.7,78.1,5.5,4,PB,MostRa00
175,Colby Parkinson,24,SEA,TE,17,1,34,25,247,9.9,2,11,52.9,27,1.5,14.5,73.5,7.3,0,,ParkCo02
176,Hunter Renfrow,28,LVR,WR,17,3,37,25,255,10.2,0,11,40.5,38,1.5,15.0,67.6,6.9,1,,RenfHu00
177,Greg Dortch,25,ARI,WR,16,4,41,24,280,11.7,2,14,48.8,38,1.5,17.5,58.5,6.8,0,,DortGr01
178,Jameson Williams,22,DET,WR,12,10,42,24,354,14.8,2,14,47.6,63,2.0,29.5,57.1,8.4,1,,WillJa11
179,Michael Carter,24,2TM,RB,15,0,31,24,101,4.2,1,5,32.3,10,1.6,6.7,77.4,3.3,0,,CartMi03
179,Michael Carter,24,NYJ,RB,9,0,20,15,68,4.5,0,4,30.0,10,1.7,7.6,75.0,3.4,0,,CartMi03
179,Michael Carter,24,ARI,RB,6,0,11,9,33,3.7,1,1,36.4,8,1.5,5.5,81.8,3.0,0,,CartMi03
180,Connor Heyward,24,PIT,TE,17,7,34,23,167,7.3,0,8,47.1,13,1.4,9.8,67.6,4.9,0,,HeywCo00
181,Jalin Hyatt,22,NYG,WR,17,7,40,23,373,16.2,0,11,47.5,58,1.4,21.9,57.5,9.3,1,,HyatJa00
182,Allen Lazard,28,NYJ,WR,14,12,49,23,311,13.5,1,17,40.8,39,1.6,22.2,46.9,6.3,0,,LazaAl00
183,Tommy Tremble,23,CAR,TE,16,8,32,23,194,8.4,3,10,50.0,30,1.4,12.1,71.9,6.1,0,,TremTo00
184,AJ Dillon,25,GNB,RB,15,6,28,22,223,10.1,0,10,57.1,35,1.5,14.9,78.6,8.0,0,,DillAJ00
185,Dawson Knox,27,BUF,TE,12,11,36,22,186,8.5,2,13,50.0,17,1.8,15.5,61.1,5.2,0,,KnoxDa00
186,Marvin Mims,21,DEN,WR,16,7,33,22,377,17.1,1,9,48.5,60,1.4,23.6,66.7,11.4,2,PBAP-2,MimsMa00
187,Chris Moore,30,TEN,WR,17,5,35,22,424,19.3,0,16,54.3,49,1.3,24.9,62.9,12.1,1,,MoorCh00
188,Josh Oliver,26,MIN,TE,17,14,28,22,213,9.7,2,12,53.6,33,1.3,12.5,78.6,7.6,1,,OlivJo00
189,Drew Sample,27,CIN,TE,17,10,27,22,163,7.4,2,9,44.4,22,1.3,9.6,81.5,6.0,0,,SampDr00
190,Jalen Tolbert,24,DAL,WR,17,6,36,22,268,12.2,2,13,55.6,45,1.3,15.8,61.1,7.4,1,,TolbJa00
191,Adam Trautman,26,DEN,TE,17,12,35,22,204,9.3,3,10,51.4,24,1.3,12.0,62.9,5.8,0,,TrauAd00
192,Cedrick Wilson Jr.,28,MIA,WR,15,3,38,22,296,13.5,3,14,47.4,31,1.5,19.7,57.9,7.8,0,,WilsCe01
193,Ty Chandler,25,MIN,RB,17,4,25,21,159,7.6,0,7,48.0,19,1.2,9.4,84.0,6.4,0,,ChanTy01
194,Emari Demercado,24,ARI,RB,14,2,30,21,119,5.7,0,4,30.0,22,1.5,8.5,70.0,4.0,0,,DemeEm00
195,Xavier Gipson,22,NYJ,WR,17,3,38,21,229,10.9,0,9,34.2,36,1.2,13.5,55.3,6.0,5,,GipsXa00
196,Isaiah Hodgins,25,NYG,WR,17,9,33,21,230,11.0,3,12,63.6,24,1.2,13.5,63.6,7.0,1,,HodgIs00
197,Skyy Moore,23,KAN,WR,14,8,38,21,244,11.6,1,13,44.7,54,1.5,17.4,55.3,6.4,0,,MoorSk01
198,Foster Moreau,26,NOR,TE,15,10,25,21,193,9.2,1,9,60.0,23,1.4,12.9,84.0,7.7,0,,MoreFo00
199,Cedric Tillman,23,CLE,WR,14,3,44,21,224,10.7,0,12,40.9,23,1.5,16.0,47.7,5.1,0,,TillCe01
200,Marquez Valdes-Scantling,29,KAN,WR,16,10,42,21,315,15.0,1,14,40.5,46,1.3,19.7,50.0,7.5,1,,ValdMa00
201,Parris Campbell,26,NYG,WR,12,3,27,20,104,5.2,0,2,37.0,17,1.7,8.7,74.1,3.9,0,,CampPa00
202,Khalil Herbert,25,CHI,RB,12,9,31,20,134,6.7,1,9,41.9,23,1.7,11.2,64.5,4.3,1,,HerbKh00
203,Van Jefferson,27,2TM,WR,17,9,43,20,209,10.5,0,10,37.2,46,1.2,12.3,46.5,4.9,0,,JeffVa00
203,Van Jefferson,27,LAR,WR,5,4,15,8,108,13.5,0,4,33.3,46,1.6,21.6,53.3,7.2,0,,JeffVa00
203,Van Jefferson,27,ATL,WR,12,5,28,12,101,8.4,0,6,39.3,14,1.0,8.4,42.9,3.6,0,,JeffVa00
204,Ameer Abdullah,30,LVR,RB,17,0,24,19,131,6.9,0,4,33.3,18,1.1,7.7,79.2,5.5,0,,AbduAm00
205,John Bates,26,WAS,TE,17,4,28,19,151,7.9,0,6,50.0,35,1.1,8.9,67.9,5.4,0,,BateJo00
206,Jake Bobo,25,SEA,WR,17,0,25,19,196,10.3,2,9,60.0,31,1.1,11.5,76.0,7.8,0,,BoboJa00
207,Jauan Jennings,26,SFO,WR,13,2,33,19,265,13.9,1,12,48.5,31,1.5,20.4,57.6,8.0,0,,JennJa00
208,Brandon Johnson,25,DEN,WR,13,2,30,19,284,14.9,4,12,60.0,50,1.5,21.8,63.3,9.5,0,,JohnBr23
209,Terrace Marshall Jr.,23,CAR,WR,9,4,33,19,139,7.3,0,8,45.5,14,2.1,15.4,57.6,4.2,1,,MarsTe00
210,Jonathan Taylor,24,IND,RB,10,7,23,19,153,8.1,1,5,43.5,40,1.9,15.3,82.6,6.7,1,,TaylJo02
211,Tre Tucker,22,LVR,WR,16,1,34,19,331,17.4,2,12,41.2,50,1.2,20.7,55.9,9.7,0,,TuckTr00
212,Mike Williams,29,LAC,WR,3,3,26,19,249,13.1,1,9,53.8,49,6.3,83.0,73.1,9.6,0,,WillMi07
213,Tyler Allgeier,23,ATL,RB,17,3,23,18,193,10.7,1,6,39.1,75,1.1,11.4,78.3,8.4,0,,AllgTy00
214,Mack Hollins,30,ATL,WR,13,3,30,18,251,13.9,0,9,46.7,45,1.4,19.3,60.0,8.4,0,,HollMa00
215,Hayden Hurst,30,CAR,TE,9,8,32,18,184,10.2,1,7,46.9,48,2.0,20.4,56.3,5.8,0,,HursHa00
216,Will Mallory,24,IND,TE,12,2,26,18,207,11.5,0,11,50.0,43,1.5,17.3,69.2,8.0,1,,MallWi00
217,Irv Smith Jr.,25,CIN,TE,12,6,26,18,115,6.4,1,5,38.5,14,1.5,9.6,69.2,4.4,1,,SmitIr01
218,Jamaal Williams,28,NOR,RB,13,4,20,18,62,3.4,0,1,30.0,12,1.4,4.8,90.0,3.1,1,,WillJa06
219,Calvin Austin III,24,PIT,WR,17,1,30,17,180,10.6,1,7,40.0,72,1.0,10.6,56.7,6.0,2,,AustCa00
220,Matt Breida,28,NYG,RB,17,4,21,17,88,5.2,0,2,19.0,22,1.0,5.2,81.0,4.2,1,,BreiMa00
221,Will Dissly,27,SEA,TE,16,14,22,17,172,10.1,1,8,59.1,21,1.1,10.8,77.3,7.8,0,,DissWi00
222,Rico Dowdle,25,DAL,RB,16,0,22,17,144,8.5,2,6,40.9,32,1.1,9.0,77.3,6.5,0,,DowdRi01
223,Clyde Edwards-Helaire,24,KAN,RB,15,3,22,17,188,11.1,1,7,50.0,48,1.1,12.5,77.3,8.5,0,,EdwaCl00
224,Brevin Jordan,23,HOU,TE,14,6,21,17,219,12.9,2,13,81.0,27,1.2,15.6,81.0,10.4,0,,JordBr00
225,Johnny Mundt,29,MIN,TE,17,0,23,17,172,10.1,1,8,52.2,32,1.0,10.1,73.9,7.5,0,,MundJo00
226,Latavius Murray,33,BUF,RB,16,4,22,17,119,7.0,0,7,45.5,22,1.1,7.4,77.3,5.4,1,,MurrLa00
227,Tyler Scott,22,CHI,WR,17,4,32,17,168,9.9,0,10,43.8,30,1.0,9.9,53.1,5.3,1,,ScotTy00
228,Deven Thompkins,24,TAM,WR,17,1,25,17,83,4.9,1,5,32.0,26,1.0,4.9,68.0,3.3,3,,ThomDe07
229,Salvon Ahmed,25,MIA,RB,8,0,23,16,88,5.5,1,4,30.4,20,2.0,11.0,69.6,3.8,0,,AhmeSa01
230,Treylon Burks,23,TEN,WR,11,9,30,16,221,13.8,0,8,43.3,70,1.5,20.1,53.3,7.4,0,,BurkTr00
231,Jamison Crowder,30,WAS,WR,17,0,20,16,159,9.9,1,8,60.0,26,0.9,9.4,80.0,8.0,2,,CrowJa00
232,Alex Erickson,31,LAC,WR,8,3,29,16,232,14.5,1,12,48.3,27,2.0,29.0,55.2,8.0,0,,EricAl01
233,Bo Melton,24,GNB,WR,5,1,24,16,218,13.6,1,13,62.5,37,3.2,43.6,66.7,9.1,0,,MeltBo00
234,John Metchie,23,HOU,WR,16,0,30,16,158,9.9,0,7,43.3,22,1.0,9.9,53.3,5.3,0,,MetcJo00
235,David Montgomery,26,DET,RB,14,14,24,16,117,7.3,0,7,54.2,19,1.1,8.4,66.7,4.9,2,,MontDa01
236,Jeremy Ruckert,23,NYJ,TE,15,6,22,16,151,9.4,0,6,50.0,23,1.1,10.1,72.7,6.9,0,,RuckJe00
237,Parker Washington,21,JAX,WR,9,1,21,16,132,8.3,2,5,52.4,19,1.8,14.7,76.2,6.3,2,,WashPa01
238,Jordan Akins,31,CLE,TE,17,4,23,15,132,8.8,0,6,52.2,28,0.9,7.8,65.2,5.7,0,,AkinJo00
239,Dalvin Cook,28,NYJ,RB,15,1,20,15,78,5.2,0,3,30.0,15,1.0,5.2,75.0,3.9,2,,CookDa01
240,Derius Davis,23,LAC,WR,17,2,17,15,66,4.4,0,0,23.5,18,0.9,3.9,88.2,3.9,3,AP-2,DaviDe02
241,Deonte Harty,26,BUF,WR,16,1,21,15,150,10.0,1,9,52.4,43,0.9,9.4,71.4,7.1,2,,HarrDe07
242,Malik Heath,23,GNB,WR,13,1,24,15,125,8.3,1,6,41.7,16,1.2,9.6,62.5,5.2,0,,HeatMa00
243,Kareem Hunt,28,CLE,RB,15,2,21,15,84,5.6,0,5,38.1,13,1.0,5.6,71.4,4.0,0,,HuntKa00
244,Andrei Iosivas,24,CIN,WR,16,1,25,15,116,7.7,4,11,60.0,16,0.9,7.3,60.0,4.6,0,,IosiAn00
245,Kyle Philips,24,TEN,WR,9,0,22,15,181,12.1,0,9,50.0,29,1.7,20.1,68.2,8.2,1,,PhilKy01
246,Quez Watkins,25,PHI,WR,9,5,21,15,142,9.5,1,8,61.9,19,1.7,15.8,71.4,6.8,0,,WatkQu00
247,Zamir White,24,LVR,RB,17,4,19,15,98,6.5,0,4,52.6,15,0.9,5.8,78.9,5.2,1,,WhitZa01
248,Mecole Hardman,25,2TM,WR,11,2,24,15,124,8.3,0,8,50.0,37,1.4,11.3,62.5,5.2,1,,HardMe00
248,Mecole Hardman,25,NYJ,WR,5,0,3,1,6,6.0,0,0,33.3,6,0.2,1.2,33.3,2.0,0,,HardMe00
248,Mecole Hardman,25,KAN,WR,6,2,21,14,118,8.4,0,8,52.4,37,2.3,19.7,66.7,5.6,1,,HardMe00
249,Jamal Agnew,28,JAX,WR,11,1,21,14,225,16.1,1,8,57.1,65,1.3,20.5,66.7,10.7,1,,AgneJa00
250,David Bell,23,CLE,WR,15,3,23,14,167,11.9,3,9,47.8,41,0.9,11.1,60.9,7.3,0,,BellDa02
251,Chase Brown,23,CIN,RB,12,0,15,14,156,11.1,1,4,53.3,54,1.2,13.0,93.3,10.4,1,,BrowCh10
252,Chase Edmonds,27,TAM,RB,13,0,17,14,81,5.8,0,5,58.8,14,1.1,6.2,82.4,4.8,0,,EdmoCh00
253,Elijah Higgins,23,ARI,TE,11,2,19,14,163,11.6,1,9,52.6,26,1.3,14.8,73.7,8.6,0,,HiggEl00
254,KhaDarel Hodge,28,ATL,WR,17,4,23,14,232,16.6,0,13,60.9,52,0.8,13.6,60.9,10.1,1,,HodgKh00
255,Kyle Juszczyk,32,SFO,FB,17,16,17,14,119,8.5,2,8,82.4,22,0.8,7.0,82.4,7.0,0,PBAP-1,JuszKy00
256,Byron Pringle,30,WAS,WR,17,1,22,14,161,11.5,0,7,40.9,26,0.8,9.5,63.6,7.3,1,,PrinBy00
257,Jeff Wilson,28,MIA,RB,10,0,17,14,85,6.1,0,3,29.4,12,1.4,8.5,82.4,5.0,0,,WilsJe01
258,Mo Alie-Cox,30,IND,TE,17,7,22,13,161,12.4,3,9,45.5,35,0.8,9.5,59.1,7.3,0,,AlieMo00
259,Pharaoh Brown,29,NWE,TE,17,11,15,13,208,16.0,1,8,66.7,58,0.8,12.2,86.7,13.9,1,,BrowPh01
260,Harrison Bryant,25,CLE,TE,17,9,20,13,81,6.2,3,4,50.0,23,0.8,4.8,65.0,4.1,1,,BryaHa00
261,Luke Farrell,26,JAX,TE,17,8,15,13,155,11.9,0,5,73.3,42,0.8,9.1,86.7,10.3,0,,FarrLu00
262,Lil'Jordan Humphrey,25,DEN,WR,17,8,19,13,162,12.5,3,9,63.2,54,0.8,9.5,68.4,8.5,0,,HumpLi01
263,Alec Ingold,27,MIA,FB,17,13,16,13,119,9.2,0,5,62.5,23,0.8,7.0,81.3,7.4,0,PB,IngoAl01
264,Dameon Pierce,23,HOU,RB,14,7,17,13,101,7.8,0,3,52.9,27,0.9,7.2,76.5,5.9,0,,PierDa01
265,Tyquan Thornton,23,NWE,WR,9,3,23,13,91,7.0,0,3,17.4,15,1.4,10.1,56.5,4.0,0,,ThorTy00
266,Brock Wright,25,DET,TE,14,4,14,13,91,7.0,1,2,64.3,25,0.9,6.5,92.9,6.5,0,,WrigBr01
267,Donovan Peoples-Jones,24,2TM,WR,15,6,25,13,155,11.9,0,7,40.0,29,0.9,10.3,52.0,6.2,1,,PeopDo00
267,Donovan Peoples-Jones,24,CLE,WR,7,5,18,8,97,12.1,0,4,38.9,29,1.1,13.9,44.4,5.4,1,,PeopDo00
267,Donovan Peoples-Jones,24,DET,WR,8,1,7,5,58,11.6,0,3,42.9,20,0.6,7.3,71.4,8.3,0,,PeopDo00
268,Dyami Brown,24,WAS,WR,17,1,23,12,168,14.0,1,8,47.8,35,0.7,9.9,52.2,7.3,0,,BrowDy00
269,Gus Edwards,28,BAL,RB,17,9,13,12,180,15.0,0,5,69.2,80,0.7,10.6,92.3,13.8,3,,EdwaGu00
270,Ray-Ray McCloud,27,SFO,WR,12,1,15,12,135,11.3,0,7,66.7,41,1.0,11.3,80.0,9.0,1,,McClRa00
271,A.T. Perry,24,NOR,WR,10,3,18,12,246,20.5,4,10,61.1,44,1.2,24.6,66.7,13.7,0,,PerrAT00
272,Stephen Sullivan,27,CAR,TE,11,0,24,12,125,10.4,0,5,37.5,20,1.1,11.4,50.0,5.2,0,,SullSt00
273,KaVontae Turpin,27,DAL,WR,16,0,18,12,127,10.6,3,9,61.1,34,0.8,7.9,66.7,7.1,1,,TurpKa00
274,Cam Akers,24,2TM,RB,7,1,12,11,70,6.4,0,2,50.0,30,1.6,10.0,91.7,5.8,0,,AkerCa00
274,Cam Akers,24,LAR,RB,1,1,0,0,0,,0,0,,,0.0,0.0,,,0,,AkerCa00
274,Cam Akers,24,MIN,RB,6,0,12,11,70,6.4,0,2,50.0,30,1.8,11.7,91.7,5.8,0,,AkerCa00
275,Andrew Beck,27,HOU,FB,15,12,13,11,55,5.0,2,4,53.8,26,0.7,3.7,84.6,4.2,1,,BeckAn01
276,Lynn Bowden Jr.,26,NOR,WR,15,3,16,11,83,7.5,0,2,37.5,17,0.7,5.5,68.8,5.2,1,,BowdLy00
277,D'Onta Foreman,27,CHI,RB,9,8,16,11,77,7.0,1,6,43.8,17,1.2,8.6,68.8,4.8,1,,ForeDO00
278,Julio Jones,34,PHI,WR,11,4,19,11,74,6.7,3,4,31.6,22,1.0,6.7,57.9,3.9,0,,JoneJu02
279,Tim Jones,25,JAX,WR,17,2,18,11,83,7.5,0,4,38.9,15,0.6,4.9,61.1,4.6,0,,JoneTi00
280,Isaiah McKenzie,28,IND,WR,13,2,14,11,82,7.5,0,4,35.7,30,0.8,6.3,78.6,5.9,3,,McKeIs00
281,Scott Miller,26,ATL,WR,17,0,16,11,161,14.6,2,6,50.0,56,0.6,9.5,68.8,10.1,0,,MillSc01
282,Trent Sherfield,27,BUF,WR,17,1,22,11,86,7.8,1,4,40.9,12,0.6,5.1,50.0,3.9,0,,SherTr00
283,Stone Smartt,25,LAC,TE,16,3,21,11,155,14.1,1,6,42.9,51,0.7,9.7,52.4,7.4,0,,SmarSt00
284,Patrick Taylor,25,GNB,RB,11,0,17,11,49,4.5,0,4,29.4,16,1.0,4.5,64.7,2.9,0,,TaylPa01
285,Robert Tonyan,29,CHI,TE,17,6,17,11,112,10.2,0,6,47.1,24,0.6,6.6,64.7,6.6,0,,TonyRo00
286,Cole Turner,23,WAS,TE,12,1,15,11,120,10.9,0,4,60.0,29,0.9,10.0,73.3,8.0,0,,TurnCo00
287,Davis Allen,22,LAR,TE,15,1,11,10,95,9.5,1,7,81.8,21,0.7,6.3,90.9,8.6,0,,AlleDa02
288,Jalen Guyton,26,LAC,WR,8,3,21,10,89,8.9,1,6,38.1,18,1.3,11.1,47.6,4.2,0,,GuytJa01
289,Darrell Henderson,26,LAR,RB,4,4,14,10,103,10.3,0,3,28.6,32,2.5,25.8,71.4,7.4,0,,HendDa00
290,Richie James,28,KAN,WR,9,1,14,10,114,11.4,0,5,57.1,45,1.1,12.7,71.4,8.1,2,,JameRi00
291,D'Ernest Johnson,27,JAX,RB,17,0,12,10,140,14.0,0,6,50.0,42,0.6,8.2,83.3,11.7,0,,JohnDE04
292,Kendre Miller,21,NOR,RB,8,0,11,10,117,11.7,0,5,54.5,33,1.3,14.6,90.9,10.6,0,,MillKe01
293,Laviska Shenault Jr.,25,CAR,WR,8,0,10,10,60,6.0,0,2,30.0,14,1.3,7.5,100.0,6.0,1,,ShenLa00
294,Sterling Shepard,30,NYG,WR,15,2,22,10,57,5.7,1,4,22.7,13,0.7,3.8,45.5,2.6,1,,ShepSt00
295,Geoff Swaim,30,ARI,TE,14,8,11,10,94,9.4,0,4,72.7,26,0.7,6.7,90.9,8.5,0,,SwaiGe00
296,Olamide Zaccheaus,26,PHI,WR,17,1,20,10,164,16.4,2,7,50.0,34,0.6,9.6,50.0,8.2,0,,ZaccOl01
297,River Cracraft,29,MIA,WR,10,1,12,9,121,13.4,1,8,66.7,24,0.9,12.1,75.0,10.1,0,,CracRi00
298,Keaton Mitchell,21,BAL,RB,8,2,11,9,93,10.3,0,5,63.6,32,1.1,11.6,81.8,8.5,0,,MitcKe01
299,Andrew Ogletree,25,IND,TE,12,9,21,9,147,16.3,2,8,38.1,33,0.8,12.3,42.9,7.0,0,,OgleAn00
300,Cordarrelle Patterson,32,ATL,RB,14,0,12,9,38,4.2,1,2,33.3,11,0.6,2.7,75.0,3.2,1,,PattCo00
301,MyCole Pruitt,31,ATL,TE,17,8,12,9,110,12.2,1,6,66.7,22,0.5,6.5,75.0,9.2,1,,PruiMy00
302,Josh Whyle,24,TEN,TE,11,3,15,9,94,10.4,1,8,60.0,24,0.8,8.5,60.0,6.3,0,,WhylJo01
303,Mitchell Wilcox,27,CIN,TE,17,4,12,9,56,6.2,0,2,50.0,12,0.5,3.3,75.0,4.7,0,,WilcMi01
304,Josiah Deguara,26,GNB,TE,15,4,8,8,65,8.1,0,3,75.0,19,0.5,4.3,100.0,8.1,0,,DeguJo00
305,Xavier Hutchinson,23,HOU,WR,16,0,19,8,90,11.3,0,3,21.1,34,0.5,5.6,42.1,4.7,0,,HutcXa00
306,Joshua Kelley,26,LAC,RB,17,3,12,8,32,4.0,0,0,33.3,6,0.5,1.9,66.7,2.7,1,,KellJo01
307,Lucas Krull,25,DEN,TE,7,2,14,8,95,11.9,1,5,42.9,35,1.1,13.6,57.1,6.8,0,,KrulLu00
308,Luke Schoonmaker,25,DAL,TE,17,0,15,8,65,8.1,2,5,40.0,18,0.5,3.8,53.3,4.3,0,,SchoLu00
309,Ben Skowronek,26,LAR,WR,17,0,12,8,66,8.3,1,3,41.7,20,0.5,3.9,66.7,5.5,0,,SkowBe00
310,Ihmir Smith-Marsette,24,CAR,WR,17,0,10,8,51,6.4,0,5,50.0,18,0.5,3.0,80.0,5.1,2,,SmitIh00
311,Samori Toure,25,GNB,WR,11,0,18,8,78,9.8,0,4,27.8,35,0.7,7.1,44.4,4.3,1,,TourSa00
312,C.J. Uzomah,30,NYJ,TE,12,8,12,8,58,7.3,1,5,58.3,19,0.7,4.8,66.7,4.8,0,,UzomC.00
313,Chase Claypool,25,2TM,WR,12,2,21,8,77,9.6,1,4,23.8,20,0.7,6.4,38.1,3.7,0,,ClayCh01
313,Chase Claypool,25,CHI,WR,3,2,14,4,51,12.8,1,3,21.4,20,1.3,17.0,28.6,3.6,0,,ClayCh01
313,Chase Claypool,25,MIA,WR,9,0,7,4,26,6.5,0,1,28.6,15,0.4,2.9,57.1,3.7,0,,ClayCh01
314,Israel Abanikanda,21,NYJ,RB,6,0,11,7,43,6.1,0,2,36.4,13,1.2,7.2,63.6,3.9,1,,AbanIs00
315,Mike Boone,28,HOU,S,9,0,9,7,40,5.7,0,2,44.4,12,0.8,4.4,77.8,4.4,1,,BoonMi00
316,Darrynton Evans,25,2TM,RB,7,0,12,7,49,7.0,0,2,33.3,17,1.0,7.0,58.3,4.1,0,,EvanDa02
316,Darrynton Evans,25,CHI,RB,5,0,12,7,49,7.0,0,2,33.3,17,1.4,9.8,58.3,4.1,0,,EvanDa02
316,Darrynton Evans,25,MIA,RB,2,0,0,0,0,,0,0,,,0.0,0.0,,,0,,EvanDa02
317,C.J. Ham,30,MIN,FB,17,5,9,7,25,3.6,0,1,33.3,7,0.4,1.5,77.8,2.8,0,PB,HamxC.00
318,Ty Johnson,26,BUF,RB,10,0,7,7,62,8.9,1,2,71.4,28,0.7,6.2,100.0,8.9,1,,JohnTy02
319,Charlie Jones,25,CIN,WR,11,0,9,7,64,9.1,0,3,44.4,35,0.6,5.8,77.8,7.1,0,,JoneCh11
320,Charlie Kolar,24,BAL,TE,15,3,9,7,87,12.4,1,5,77.8,19,0.5,5.8,77.8,9.7,0,,KolaCh00
321,Jalen Reagor,24,NWE,WR,11,1,23,7,138,19.7,0,5,21.7,39,0.6,12.5,30.4,6.0,0,,ReagJa00
322,Deuce Vaughn,22,DAL,RB,7,0,7,7,40,5.7,0,1,42.9,11,1.0,5.7,100.0,5.7,0,,VaugDe00
323,Darnell Washington,22,PIT,TE,17,7,10,7,61,8.7,0,4,60.0,12,0.4,3.6,70.0,6.1,0,,WashDa03
324,Trayveon Williams,26,CIN,RB,17,0,9,7,10,1.4,0,0,11.1,5,0.4,0.6,77.8,1.1,0,,WillTr06
325,Tony Jones,26,2TM,RB,7,1,10,7,37,5.3,0,1,20.0,11,1.0,5.3,70.0,3.7,0,,JoneTo04
325,Tony Jones,26,NOR,RB,4,1,6,4,21,5.3,0,1,33.3,10,1.0,5.3,66.7,3.5,0,,JoneTo04
325,Tony Jones,26,ARI,RB,3,0,4,3,16,5.3,0,0,0.0,11,1.0,5.3,75.0,4.0,0,,JoneTo04
326,Ronnie Bell,23,SFO,WR,17,0,13,6,68,11.3,3,5,46.2,20,0.4,4.0,46.2,5.2,1,,BellRo01
327,Raheem Blackshear,24,CAR,RB,12,0,7,6,45,7.5,0,1,71.4,19,0.5,3.8,85.7,6.4,0,,BlacRa00
328,Jalen Brooks,23,DAL,WR,7,0,6,6,64,10.7,0,4,83.3,24,0.9,9.1,100.0,10.7,0,,BrooJa03
329,DeeJay Dallas,25,SEA,RB,17,0,9,6,26,4.3,0,1,11.1,14,0.4,1.5,66.7,2.9,2,,DallDe00
330,Keelan Doss,27,LAC,WR,5,0,13,6,33,5.5,0,1,23.1,9,1.2,6.6,46.2,2.5,0,,DossKe00
331,Tyler Goodson,23,IND,RB,6,1,9,6,34,5.7,0,1,55.6,15,1.0,5.7,66.7,3.8,0,,GoodTy00
332,Jimmy Graham,37,NOR,TE,13,2,7,6,39,6.5,4,6,85.7,12,0.5,3.0,85.7,5.6,0,,GrahJi00
333,Eric Gray,24,NYG,RB,13,0,7,6,22,3.7,0,0,0.0,9,0.5,1.7,85.7,3.1,3,,GrayEr01
334,Julian Hill,23,MIA,TE,15,4,9,6,48,8.0,0,2,55.6,18,0.4,3.2,66.7,5.3,1,,HillJu02
335,Elijah Mitchell,25,SFO,RB,11,1,8,6,14,2.3,0,2,37.5,9,0.5,1.3,75.0,1.8,0,,MitcEl00
336,Justyn Ross,24,KAN,WR,10,1,11,6,53,8.8,0,2,45.5,20,0.6,5.3,54.5,4.8,0,,RossJu00
337,Isaiah Spiller,22,LAC,RB,9,0,6,6,34,5.7,0,1,66.7,10,0.7,3.8,100.0,5.7,0,,SpilIs00
338,Blake Bell,32,KAN,TE,17,3,9,5,26,5.2,1,1,44.4,8,0.3,1.5,55.6,2.9,1,,BellBl00
339,Gary Brightwell,24,NYG,RB,7,0,7,5,47,9.4,0,2,42.9,18,0.7,6.7,71.4,6.7,0,,BrigGa00
340,Jason Brownlee,24,NYJ,WR,7,5,8,5,56,11.2,1,2,50.0,24,0.7,8.0,62.5,7.0,0,,BrowJa07
341,Randall Cobb,33,NYJ,WR,11,1,17,5,39,7.8,1,3,17.6,15,0.5,3.5,29.4,2.3,0,,CobbRa00
342,Payne Durham,23,TAM,TE,13,2,7,5,58,11.6,0,3,71.4,25,0.4,4.5,71.4,8.3,0,,DurhPa00
343,Brycen Hopkins,26,LAR,TE,15,0,7,5,78,15.6,0,3,57.1,29,0.3,5.2,71.4,11.1,0,,HopkBr01
344,Deon Jackson,24,2TM,RB,3,1,6,5,14,2.8,0,0,33.3,8,1.7,4.7,83.3,2.3,2,,JackDe02
344,Deon Jackson,24,IND,RB,2,1,6,5,14,2.8,0,0,33.3,8,2.5,7.0,83.3,2.3,2,,JackDe02
344,Deon Jackson,24,NYG,RB,1,0,0,0,0,,0,0,,,0.0,0.0,,,0,,JackDe02
345,Marvin Jones,33,DET,WR,6,4,10,5,35,7.0,0,2,30.0,16,0.8,5.8,50.0,3.5,1,,JoneMa02
346,Keith Kirkwood,29,NOR,WR,13,4,9,5,37,7.4,1,3,44.4,13,0.4,2.8,55.6,4.1,0,,KirkKe00
347,Ty Montgomery,30,NWE,RB,13,0,12,5,40,8.0,0,3,33.3,17,0.4,3.1,41.7,3.3,0,,MontTy01
348,David Moore,28,TAM,WR,7,0,7,5,94,18.8,1,3,71.4,52,0.7,13.4,71.4,13.4,0,,MoorDa03
349,Craig Reynolds,27,DET,RB,17,0,5,5,47,9.4,0,2,60.0,28,0.3,2.8,100.0,9.4,2,,ReynCr00
350,Patrick Ricard,29,BAL,FB,17,9,7,5,52,10.4,1,3,42.9,28,0.3,3.1,71.4,7.4,0,AP-2,RicaPa00
351,Ronnie Rivers,24,LAR,RB,9,1,5,5,22,4.4,0,0,40.0,10,0.6,2.4,100.0,4.4,0,,RiveRo01
352,Equanimeous St. Brown,27,CHI,WR,7,2,6,5,62,12.4,0,3,83.3,21,0.7,8.9,83.3,10.3,0,,St.BEq00
353,Jack Stoll,25,PHI,TE,17,10,8,5,38,7.6,0,2,50.0,14,0.3,2.2,62.5,4.8,0,,StolJa00
354,Brenton Strange,23,JAX,TE,14,4,9,5,35,7.0,1,2,22.2,17,0.4,2.5,55.6,3.9,0,,StraBr00
355,Pierre Strong,25,CLE,RB,17,1,8,5,47,9.4,0,1,25.0,41,0.3,2.8,62.5,5.9,1,,StroPi00
356,Ian Thomas,27,CAR,TE,12,5,9,5,56,11.2,0,1,33.3,28,0.4,4.7,55.6,6.2,0,,ThomIa00
357,Nate Adkins,24,DEN,TE,10,1,5,4,22,5.5,0,1,20.0,11,0.4,2.2,80.0,4.4,0,,AdkiNa00
358,Lawrence Cager,26,NYG,TE,11,0,5,4,36,9.0,1,2,60.0,10,0.4,3.3,80.0,7.2,0,,CageLa01
359,Grant Calcaterra,25,PHI,TE,15,1,4,4,39,9.8,0,3,100.0,12,0.3,2.6,100.0,9.8,0,,CalcGr00
360,DeAndre Carter,30,LVR,WR,17,1,7,4,39,9.8,0,0,28.6,16,0.2,2.3,57.1,5.6,2,,CartDe02
361,Robbie Chosen,30,MIA,WR,9,0,6,4,126,31.5,1,3,66.7,68,0.4,14.0,66.7,21.0,0,,AndeRo04
362,Nick Chubb,28,CLE,RB,2,2,4,4,21,5.3,0,1,50.0,10,2.0,10.5,100.0,5.3,0,,ChubNi00
363,Britain Covey,26,PHI,WR,16,0,6,4,42,10.5,0,2,66.7,22,0.3,2.6,66.7,7.0,2,,CoveBr00
364,Devin Duvernay,26,BAL,WR,13,1,9,4,18,4.5,0,0,11.1,10,0.3,1.4,44.4,2.0,0,,DuveDe00
365,Marquise Goodwin,33,CLE,WR,12,0,13,4,67,16.8,0,1,7.7,57,0.3,5.6,30.8,5.2,0,,GoodMa00
366,Peyton Hendershot,24,DAL,TE,8,1,7,4,38,9.5,0,1,42.9,24,0.5,4.8,57.1,5.4,0,,HendPe01
367,Keaontay Ingram,24,ARI,RB,8,1,4,4,26,6.5,0,1,50.0,9,0.5,3.3,100.0,6.5,0,,IngrKe01
368,Rakim Jarrett,22,TAM,WR,10,0,9,4,60,15.0,0,1,33.3,41,0.4,6.0,44.4,6.7,0,,JarrRa00
369,Velus Jones Jr.,26,CHI,WR,14,0,7,4,20,5.0,0,1,42.9,11,0.3,1.4,57.1,2.9,0,,JoneVe00
370,Marcedes Lewis,39,CHI,TE,17,4,5,4,29,7.3,1,2,80.0,16,0.2,1.7,80.0,5.8,0,,LewiMa00
371,Zach Pascal,29,ARI,WR,14,1,15,4,19,4.8,0,1,20.0,9,0.3,1.4,26.7,1.3,0,,PascZa00
372,Boston Scott,28,PHI,RB,15,0,6,4,52,13.0,0,2,33.3,27,0.3,3.5,66.7,8.7,1,,ScotBo02
373,Ben Sims,23,GNB,TE,17,1,6,4,21,5.3,1,3,66.7,12,0.2,1.2,66.7,3.5,0,,SimsBe00
374,Austin Trammell,25,LAR,WR,16,0,7,4,29,7.3,0,2,28.6,14,0.3,1.8,57.1,4.1,3,,TramAu00
375,Emanuel Wilson,24,GNB,RB,7,0,5,4,23,5.8,0,1,80.0,9,0.6,3.3,80.0,4.6,1,,WilsEm00
376,Alex Armah,29,WAS,RB,8,0,3,3,13,4.3,0,1,33.3,10,0.4,1.6,100.0,4.3,0,,ArmaAl00
377,Nick Bawden,27,NYJ,FB,16,2,3,3,21,7.0,0,1,66.7,8,0.2,1.3,100.0,7.0,0,,BawdNi00
378,Khari Blasingame,27,CHI,FB,16,2,6,3,2,0.7,0,0,16.7,4,0.2,0.1,50.0,0.3,0,,BlasKh00
379,Miles Boykin,27,PIT,WR,17,0,4,3,17,5.7,0,0,50.0,6,0.2,1.0,75.0,4.3,0,,BoykMi00
380,Michael Burton,31,DEN,FB,17,3,3,3,8,2.7,0,2,66.7,4,0.2,0.5,100.0,2.7,0,,BurtMi00
381,Chris Conley,31,SFO,WR,8,0,6,3,69,23.0,0,2,33.3,48,0.4,8.6,50.0,11.5,0,,ConlCh00
382,Elijah Cooks,25,JAX,WR,9,0,4,3,38,12.7,0,2,50.0,23,0.3,4.2,75.0,9.5,0,,CookEl00
383,Jashaun Corbin,23,NYG,RB,6,0,3,3,12,4.0,0,1,33.3,7,0.5,2.0,100.0,4.0,0,,CorbJa01
384,Greg Dulcich,23,DEN,TE,2,1,4,3,25,8.3,0,2,50.0,13,1.5,12.5,75.0,6.3,0,,DulcGr00
385,Melvin Gordon,30,BAL,RB,4,0,3,3,46,15.3,0,3,100.0,23,0.8,11.5,100.0,15.3,1,,GordMe00
386,Kevin Harris,23,NWE,RB,4,0,3,3,58,19.3,0,2,66.7,48,0.8,14.5,100.0,19.3,0,,HarrKe01
387,Hunter Luepke,23,DAL,RB,17,0,4,3,18,6.0,0,1,50.0,12,0.2,1.1,75.0,4.5,0,,LuepHu00
388,Jordan Mason,24,SFO,RB,17,0,4,3,31,10.3,0,1,50.0,13,0.2,1.8,75.0,7.8,0,,MasoJo00
389,D.J. Montgomery,27,IND,WR,7,0,8,3,56,18.7,1,3,37.5,34,0.4,8.0,37.5,7.0,0,,MontDJ01
390,Jalen Nailor,24,MIN,WR,6,1,6,3,29,9.7,0,1,33.3,16,0.5,4.8,50.0,4.8,0,,NailJa00
391,La'Mical Perine,25,KAN,RB,3,1,5,3,33,11.0,0,1,20.0,25,1.0,11.0,60.0,6.6,0,,PeriLa00
392,Eric Saubert,29,HOU,TE,9,1,3,3,12,4.0,0,1,100.0,5,0.3,1.3,100.0,4.0,0,,SaubEr00
393,Trey Sermon,24,IND,RB,14,0,6,3,13,4.3,0,0,33.3,7,0.2,0.9,50.0,2.2,0,,SermTr00
394,Steven Sims,26,HOU,WR,3,0,3,3,25,8.3,0,1,33.3,23,1.0,8.3,100.0,8.3,0,,SimsSt00
395,Keith Smith,31,ATL,FB,13,6,3,3,33,11.0,0,1,66.7,28,0.2,2.5,100.0,11.0,0,,SmitKe03
396,Charlie Woerner,26,SFO,TE,17,2,3,3,32,10.7,0,1,66.7,20,0.2,1.9,100.0,10.7,0,,WoerCh00
397,Kayshon Boutte,21,NWE,WR,5,0,7,2,19,9.5,0,1,28.6,11,0.4,3.8,28.6,2.7,0,,BoutKa00
398,J.K. Dobbins,25,BAL,RB,1,1,3,2,15,7.5,0,0,66.7,10,2.0,15.0,66.7,5.0,0,,DobbJK00
399,Elijah Dotson,24,LAC,RB,4,0,2,2,13,6.5,0,0,100.0,7,0.5,3.3,100.0,6.5,0,,DotsEl00
400,Kenyan Drake,29,2TM,RB,3,0,3,2,31,15.5,0,0,66.7,24,0.7,10.3,66.7,10.3,1,,DrakKe00
400,Kenyan Drake,29,BAL,RB,2,0,3,2,31,15.5,0,0,66.7,24,1.0,15.5,66.7,10.3,1,,DrakKe00
400,Kenyan Drake,29,GNB,RB,1,0,0,0,0,,0,0,,,0.0,0.0,,,0,,DrakKe00
401,Damien Harris,26,BUF,RB,6,0,2,2,16,8.0,0,0,0.0,13,0.3,2.7,100.0,8.0,0,,HarrDa06
402,Trishton Jackson,25,MIN,WR,7,0,4,2,9,4.5,0,0,0.0,7,0.3,1.3,50.0,2.3,0,,JackTr02
403,Tyler Johnson,25,LAR,WR,1,0,3,2,8,4.0,1,1,33.3,8,2.0,8.0,66.7,2.7,0,,JohnTy00
404,Chris Manhertz,31,DEN,TE,16,4,4,2,16,8.0,0,1,50.0,10,0.1,1.0,50.0,4.0,0,,ManhCh00
405,Anthony McFarland Jr.,25,PIT,RB,3,0,2,2,11,5.5,0,1,100.0,6,0.7,3.7,100.0,5.5,0,,McFaAn00
406,James Mitchell,24,DET,TE,15,1,2,2,28,14.0,0,1,100.0,24,0.1,1.9,100.0,14.0,0,,MitcJa00
407,Quintin Morris,24,BUF,TE,15,0,3,2,26,13.0,1,1,33.3,15,0.1,1.7,66.7,8.7,0,,MorrQu00
408,Dare Ogunbowale,29,HOU,RB,12,0,7,2,18,9.0,0,0,0.0,14,0.2,1.5,28.6,2.6,0,,OgunDa00
409,Adam Prentice,26,NOR,FB,13,1,3,2,12,6.0,0,0,33.3,7,0.2,0.9,66.7,4.0,1,,PrenAd00
410,Teagan Quitoriano,23,HOU,TE,7,5,3,2,33,16.5,0,2,66.7,22,0.3,4.7,66.7,11.0,0,,QuitTe00
411,Chris Rodriguez,23,WAS,RB,13,0,2,2,12,6.0,0,1,100.0,7,0.2,0.9,100.0,6.0,1,,RodrCh00
412,Willie Snead,31,SFO,WR,4,0,3,2,14,7.0,0,0,66.7,9,0.5,3.5,66.7,4.7,0,,SneaWi00
413,Malik Taylor,28,NYJ,WR,3,0,4,2,13,6.5,0,0,25.0,7,0.7,4.3,50.0,3.3,0,,TaylMa01
414,Sean Tucker,22,TAM,RB,11,0,2,2,9,4.5,0,0,50.0,6,0.2,0.8,100.0,4.5,0,,TuckSe00
415,Ke'Shawn Vaughn,26,TAM,RB,6,0,5,2,2,1.0,0,0,0.0,3,0.3,0.3,40.0,0.4,0,,VaugKe00
416,David Wells,28,TAM,TE,5,0,2,2,-10,-5.0,0,1,50.0,1,0.4,-2.0,100.0,-5.0,1,,WellDa00
417,Damien Williams,31,ARI,RB,3,0,2,2,12,6.0,0,0,50.0,8,0.7,4.0,100.0,6.0,0,,WillDa05
418,Kenny Yeboah,25,NYJ,TE,5,1,4,2,28,14.0,0,1,50.0,20,0.4,5.6,50.0,7.0,0,,YeboKe00
419,Tank Bigsby,22,JAX,RB,17,0,4,1,6,6.0,0,0,25.0,6,0.1,0.4,25.0,1.5,2,,BigsTa00
420,Ben Bredeson,25,NYG,G,16,16,1,1,0,0.0,0,0,0.0,,0.1,0.0,100.0,0.0,0,,BredBe00
421,Jake Browning,27,CIN,QB,9,7,1,1,-7,-7.0,0,0,0.0,-7,0.1,-0.8,100.0,-7.0,3,,BrowJa08
422,Khalil Dorsey,25,DET,CB,13,2,1,1,31,31.0,0,1,100.0,31,0.1,2.4,100.0,31.0,0,,DorsKh00
423,Colton Dowell,24,TEN,WR,10,1,2,1,3,3.0,0,0,0.0,3,0.1,0.3,50.0,1.5,0,,DoweCo00
424,Ross Dwelley,28,SFO,TE,12,0,2,1,12,12.0,0,1,50.0,12,0.1,1.0,50.0,6.0,0,,DwelRo00
425,Brandin Echols,26,NYJ,CB,14,1,1,1,18,18.0,0,1,100.0,18,0.1,1.3,100.0,18.0,0,,EchoBr00
426,Chris Evans,26,CIN,RB,8,0,1,1,-1,-1.0,0,0,0.0,-1,0.1,-0.1,100.0,-1.0,0,,EvanCh02
427,Simi Fehoko,26,LAC,WR,6,0,2,1,9,9.0,1,1,50.0,9,0.2,1.5,50.0,4.5,0,,FehoSi00
428,Tucker Fisk,24,ATL,TE,6,2,1,1,9,9.0,0,1,100.0,9,0.2,1.5,100.0,9.0,0,,FiskTu00
429,John FitzPatrick,23,ATL,TE,9,0,1,1,12,12.0,0,1,100.0,12,0.1,1.3,100.0,12.0,0,,FitzJo00
430,Cole Fotheringham,26,LVR,TE,2,0,1,1,6,6.0,0,0,100.0,6,0.5,3.0,100.0,6.0,0,,FothCo00
431,Royce Freeman,27,LAR,RB,14,0,2,1,13,13.0,0,1,50.0,13,0.1,0.9,50.0,6.5,0,,FreeRo00
432,Jake Funk,25,IND,RB,4,0,1,1,12,12.0,0,1,100.0,12,0.3,3.0,100.0,12.0,0,,FunkJa00
433,Reggie Gilliam,26,BUF,FB,17,0,1,1,3,3.0,0,0,0.0,3,0.1,0.2,100.0,3.0,0,,GillRe00
434,Antoine Green,24,DET,WR,9,0,2,1,2,2.0,0,0,0.0,2,0.1,0.2,50.0,1.0,0,,GreeAn00
435,Justin Herbert,25,LAC,QB,13,13,1,1,10,10.0,0,1,100.0,10,0.1,0.8,100.0,10.0,4,,HerbJu00
436,Jesper Horsted,26,LVR,TE,13,0,1,1,4,4.0,0,0,100.0,4,0.1,0.3,100.0,4.0,0,,HorsJe00
437,Sam Howell,23,WAS,QB,17,17,1,1,4,4.0,0,0,0.0,4,0.1,0.2,100.0,4.0,4,,HoweSa00
438,Evan Hull,23,IND,RB,1,0,1,1,6,6.0,0,0,100.0,6,1.0,6.0,100.0,6.0,0,,HullEv00
439,Collin Johnson,26,CHI,WR,3,0,1,1,11,11.0,0,1,100.0,11,0.3,3.7,100.0,11.0,0,,JohnCo01
440,Jakob Johnson,29,LVR,FB,13,5,2,1,12,12.0,0,0,50.0,12,0.1,0.9,50.0,6.0,0,,JohnJa12
441,Ko Kieft,25,TAM,TE,16,6,5,1,2,2.0,1,1,20.0,2,0.1,0.1,20.0,0.4,0,,KiefKo00
442,Mason Kinsey,25,TEN,WR,6,0,1,1,6,6.0,0,0,0.0,6,0.2,1.0,100.0,6.0,0,,KinsMa00
443,Zonovan Knight,22,DET,RB,2,0,1,1,8,8.0,0,0,100.0,8,0.5,4.0,100.0,8.0,0,,KnigZo00
444,Kwamie Lassiter II,25,CIN,WR,1,0,1,1,2,2.0,0,0,0.0,2,1.0,2.0,100.0,2.0,0,,LassKw00
445,Nick Muse,25,MIN,TE,2,0,1,1,22,22.0,0,1,100.0,22,0.5,11.0,100.0,22.0,0,,MuseNi00
446,Gunner Olszewski,27,PIT,WR,2,0,1,1,0,0.0,0,0,0.0,,0.5,0.0,100.0,0.0,2,,OlszGu00
447,Devine Ozigbo,27,DET,RB,3,0,1,1,8,8.0,0,0,100.0,8,0.3,2.7,100.0,8.0,0,,OzigDe01
448,Rashaad Penny,27,PHI,RB,3,0,1,1,5,5.0,0,0,100.0,5,0.3,1.7,100.0,5.0,0,,PennRa00
449,Kevin Rader,28,TEN,TE,14,0,3,1,6,6.0,0,0,33.3,6,0.1,0.4,33.3,2.0,0,,RadeKe00
450,Giovanni Ricci,27,CAR,TE,5,0,1,1,2,2.0,0,0,0.0,2,0.2,0.4,100.0,2.0,0,,RiccGi00
451,Desmond Ridder,24,ATL,QB,15,13,1,1,-6,-6.0,0,0,0.0,-6,0.1,-0.4,100.0,-6.0,12,,RiddDe00
452,James Robinson,25,GNB,RB,1,0,1,1,-2,-2.0,0,0,0.0,-2,1.0,-2.0,100.0,-2.0,0,,RobiJa00
453,Malcolm Rodriguez,24,DET,LB,17,3,1,1,6,6.0,0,1,100.0,6,0.1,0.4,100.0,6.0,0,,RodrMa00
454,Jeffery Simmons,26,TEN,DT,12,12,1,1,2,2.0,1,1,100.0,2,0.1,0.2,100.0,2.0,0,,SimmJe01
455,Dan Skipper,29,DET,T,11,1,1,1,4,4.0,0,0,100.0,4,0.1,0.4,100.0,4.0,0,,SkipDa00
456,Donovan Smith,30,KAN,T,12,12,1,1,0,0.0,0,0,0.0,,0.1,0.0,100.0,0.0,0,,SmitDo02
457,Geno Smith,33,SEA,QB,15,15,1,1,-2,-2.0,0,0,0.0,-2,0.1,-0.1,100.0,-2.0,5,PB,SmitGe00
458,Mike Strachan,26,CAR,WR,4,1,3,1,45,45.0,0,1,33.3,45,0.3,11.3,33.3,15.0,0,,StraMi03
459,C.J. Stroud,22,HOU,QB,15,15,1,1,0,0.0,0,0,0.0,,0.1,0.0,100.0,0.0,8,PBAP MVP-8AP ORoY-1,StroCJ00
460,Cody Thompson,27,SEA,WR,7,0,1,1,10,10.0,0,0,0.0,10,0.1,1.4,100.0,10.0,0,,ThomCo04
461,Laquon Treadwell,28,BAL,WR,5,1,3,1,16,16.0,0,1,33.3,16,0.2,3.2,33.3,5.3,0,,TreaLa00
462,Nick Vannett,30,LAC,TE,8,5,1,1,3,3.0,0,1,100.0,3,0.1,0.4,100.0,3.0,0,,VannNi00
463,Tylan Wallace,24,BAL,WR,11,0,2,1,11,11.0,0,1,50.0,11,0.1,1.0,50.0,5.5,0,,WallTy00
464,Trevon Wesco,28,TEN,TE,15,10,3,1,21,21.0,0,1,33.3,21,0.1,1.4,33.3,7.0,0,,WescTr00
465,Josh Allen,27,BUF,QB,17,17,0,0,0,,0,0,,,0.0,0.0,,,7,AP MVP-5AP OPoY-6,AlleJo02
466,Kyle Allen,27,BUF,QB,7,0,0,0,0,,0,0,,,0.0,0.0,,,0,,AlleKy00
467,Tyson Bagent,23,CHI,QB,5,4,0,0,0,,0,0,,,0.0,0.0,,,3,,BageTy00
468,Matt Barkley,33,JAX,QB,1,0,0,0,0,,0,0,,,0.0,0.0,,,0,,BarkMa00
469,C.J. Beathard,30,JAX,QB,7,1,0,0,0,,0,0,,,0.0,0.0,,,1,,BeatC.00
470,Brandon Bolden,33,LVR,RB,17,0,0,0,0,,0,0,,,0.0,0.0,,,0,,BoldBr00
471,Tim Boyle,29,NYJ,QB,3,2,0,0,0,,0,0,,,0.0,0.0,,,2,,BoylTi00
472,Teddy Bridgewater,31,DET,QB,1,0,0,0,0,,0,0,,,0.0,0.0,,,0,,BridTe00
473,Jacoby Brissett,31,WAS,QB,3,0,0,0,0,,0,0,,,0.0,0.0,,,0,,BrisJa00
474,Chris Brooks,23,MIA,RB,9,0,0,0,0,,0,0,,,0.0,0.0,,,0,,BrooCh00
475,Joe Burrow,27,CIN,QB,10,10,0,0,0,,0,0,,,0.0,0.0,,,2,,BurrJo01
476,Damiere Byrd,30,ATL,WR,1,0,2,0,0,,0,0,0.0,,0.0,0.0,0.0,0.0,0,,ByrdDa00
477,Jason Cabinda,27,DET,FB,4,0,0,0,0,,0,0,,,0.0,0.0,,,0,,CabiJa00
478,Derek Carr,32,NOR,QB,17,17,0,0,0,,0,0,,,0.0,0.0,,,7,,CarrDe02
479,Irvin Charles,26,NYJ,WR,12,0,1,0,0,,0,0,0.0,,0.0,0.0,0.0,0.0,0,,CharIr00
480,Sean Clifford,25,GNB,QB,2,0,0,0,0,,0,0,,,0.0,0.0,,,1,,ClifSe00
481,Kirk Cousins,35,MIN,QB,8,8,0,0,0,,0,0,,,0.0,0.0,,,7,,CousKi00
482,Andy Dalton,36,CAR,QB,3,1,0,0,0,,0,0,,,0.0,0.0,,,0,,DaltAn00
483,Sam Darnold,26,SFO,QB,10,1,0,0,0,,0,0,,,0.0,0.0,,,3,,DarnSa00
484,Ashtyn Davis,27,NYJ,S,17,5,0,0,0,,0,0,,,0.0,0.0,,,1,,DaviAs00
485,Tyrion Davis-Price,23,SFO,RB,1,0,0,0,0,,0,0,,,0.0,0.0,,,0,,DaviTy03
486,Tommy DeVito,25,NYG,QB,9,6,0,0,0,,0,0,,,0.0,0.0,,,2,,DeViTo00
487,Joshua Dobbs,28,2TM,QB,13,12,0,0,0,,0,0,,,0.0,0.0,,,14,,DobbJo00
487,Joshua Dobbs,28,ARI,QB,8,8,0,0,0,,0,0,,,0.0,0.0,,,8,,DobbJo00
487,Joshua Dobbs,28,MIN,QB,5,4,0,0,0,,0,0,,,0.0,0.0,,,6,,DobbJo00
488,Phillip Dorsett,30,DEN,WR,2,1,3,0,0,,0,0,0.0,,0.0,0.0,0.0,0.0,0,,DorsPh00
489,Jeff Driskel,30,CLE,QB,1,1,0,0,0,,0,0,,,0.0,0.0,,,0,,DrisJe00
490,D'Wayne Eskridge,26,SEA,WR,4,0,1,0,0,,0,0,0.0,,0.0,0.0,0.0,0.0,0,,EskrDW00
491,Zach Evans,22,LAR,RB,10,0,0,0,0,,0,0,,,0.0,0.0,,,0,,EvanZa00
492,Erik Ezukanma,23,MIA,WR,2,0,1,0,0,,0,0,0.0,,0.0,0.0,0.0,0.0,0,,EzukEr00
493,Justin Fields,24,CHI,QB,13,13,0,0,0,,0,0,,,0.0,0.0,,,10,,FielJu00
494,Joe Flacco,38,CLE,QB,5,5,0,0,0,,0,0,,,0.0,0.0,,,4,AP CPoY-1,FlacJo00
495,Leonard Fournette,28,BUF,RB,2,0,0,0,0,,0,0,,,0.0,0.0,,,0,,FourLe00
496,Blaine Gabbert,34,KAN,QB,2,1,0,0,0,,0,0,,,0.0,0.0,,,0,,GabbBl00
497,Jimmy Garoppolo,32,LVR,QB,7,6,0,0,0,,0,0,,,0.0,0.0,,,1,,GaroJi00
498,Blake Gillikin,25,ARI,P,13,0,0,0,0,,0,0,,,0.0,0.0,,,0,,GillBl00
499,Jared Goff,29,DET,QB,17,17,0,0,0,,0,0,,,0.0,0.0,,,6,,GoffJa00
500,Derrick Gore,29,WAS,RB,6,0,0,0,0,,0,0,,,0.0,0.0,,,0,,GoreDe00
501,Robert Hainsey,25,TAM,C,17,17,0,0,-3,,0,0,,,0.0,-0.2,,,1,,HainRo00
502,Jaren Hall,25,MIN,QB,3,2,0,0,0,,0,0,,,0.0,0.0,,,2,,HallJa00
503,Jamycal Hasty,27,JAX,RB,3,0,2,0,0,,0,0,0.0,,0.0,0.0,0.0,0.0,0,,HastJa02
504,Taylor Heinicke,30,ATL,QB,5,4,0,0,0,,0,0,,,0.0,0.0,,,1,,HeinTa00
505,Johnny Hekker,33,CAR,P,17,0,0,0,0,,0,0,,,0.0,0.0,,,1,,HekkJo00
506,Travis Homer,25,CHI,RB,16,0,1,0,0,,0,0,0.0,,0.0,0.0,0.0,0.0,0,,HomeTr00
507,Amani Hooker,25,TEN,DB,13,13,0,0,0,,0,0,,,0.0,0.0,,,0,,HookAm00
508,Brian Hoyer,38,LVR,QB,3,1,0,0,0,,0,0,,,0.0,0.0,,,0,,HoyeBr00
509,Tyler Huntley,25,BAL,QB,5,1,0,0,0,,0,0,,,0.0,0.0,,,0,,HuntTy01
510,Jalen Hurts,25,PHI,QB,17,17,0,0,0,,0,0,,,0.0,0.0,,,9,PB,HurtJa00
511,Lamar Jackson,26,BAL,QB,16,16,0,0,0,,0,0,,,0.0,0.0,,,11,PBAP-1AP MVP-1AP OPoY-4AP CPoY-9,JackLa00
512,Shedrick Jackson,24,CIN,WR,5,0,1,0,0,,0,0,0.0,,0.0,0.0,0.0,0.0,0,,JackSh01
513,Cameron Johnston,31,HOU,P,13,0,0,0,0,,0,0,,,0.0,0.0,,,0,,JohnCa02
514,Daniel Jones,26,NYG,QB,6,6,0,0,0,,0,0,,,0.0,0.0,,,4,,JoneDa05
515,Mac Jones,25,NWE,QB,11,11,0,0,0,,0,0,,,0.0,0.0,,,3,,JoneMa05
516,Case Keenum,35,HOU,QB,2,2,0,0,0,,0,0,,,0.0,0.0,,,1,,KeenCa00
517,Trevor Lawrence,24,JAX,QB,16,16,0,0,0,,0,0,,,0.0,0.0,,,12,,LawrTr00
518,Will Levis,24,TEN,QB,9,9,0,0,0,,0,0,,,0.0,0.0,,,7,,LeviWi00
519,Drew Lock,27,SEA,QB,4,2,0,0,0,,0,0,,,0.0,0.0,,,0,,LockDr00
520,Jordan Love,25,GNB,QB,17,17,0,0,0,,0,0,,,0.0,0.0,,,9,,LoveJo03
521,Patrick Mahomes,28,KAN,QB,16,16,0,0,0,,0,0,,,0.0,0.0,,,5,PBAP MVP-7,MahoPa00
522,Marcus Mariota,30,PHI,QB,3,0,0,0,0,,0,0,,,0.0,0.0,,,1,,MariMa01
523,Baker Mayfield,28,TAM,QB,17,17,0,0,0,,0,0,,,0.0,0.0,,,8,PBAP CPoY-3,MayfBa00
524,Sean McKeon,26,DAL,TE,9,0,2,0,0,,0,0,0.0,,0.0,0.0,0.0,0.0,0,,McKeSe01
525,Davis Mills,25,HOU,QB,6,0,0,0,0,,0,0,,,0.0,0.0,,,0,,MillDa02
526,Jordan Mims,24,NOR,RB,2,0,2,0,0,,0,0,0.0,,0.0,0.0,0.0,0.0,0,,MimsJo00
527,Gardner Minshew II,27,IND,QB,17,13,0,0,0,,0,0,,,0.0,0.0,,,8,PB,MinsGa00
528,Nick Mullens,28,MIN,QB,5,3,0,0,0,,0,0,,,0.0,0.0,,,2,,MullNi00
529,Kyler Murray,26,ARI,QB,8,8,0,0,0,,0,0,,,0.0,0.0,,,7,AP CPoY-9,MurrKy00
530,Nick Niemann,26,LAC,LB,17,3,0,0,0,,0,0,,,0.0,0.0,,,1,,NiemNi00
531,Keisean Nixon,26,GNB,CB,17,13,0,0,0,,0,0,,,0.0,0.0,,,3,AP-1,NixoKe00
532,Kene Nwangwu,25,MIN,RB,9,0,0,0,0,,0,0,,,0.0,0.0,,,0,,NwanKe00
533,Aidan O'Connell,25,LVR,QB,11,10,0,0,0,,0,0,,,0.0,0.0,,,4,,OConAi00
534,Albert Okwuegbunam,25,PHI,TE,4,0,1,0,0,,0,0,0.0,,0.0,0.0,0.0,0.0,0,,OkwuAl00
535,Nathan Peterman,29,CHI,QB,2,0,0,0,0,,0,0,,,0.0,0.0,,,1,,PeteNa00
536,Kenny Pickett,25,PIT,QB,12,12,0,0,0,,0,0,,,0.0,0.0,,,2,,PickKe00
537,Dak Prescott,30,DAL,QB,17,17,0,0,0,,0,0,,,0.0,0.0,,,4,PBAP-2AP MVP-2AP OPoY-5,PresDa01
538,James Proche,27,CLE,WR,10,1,5,0,0,,0,0,0.0,,0.0,0.0,0.0,0.0,1,,ProcJa00
539,Brock Purdy,24,SFO,QB,16,16,0,0,0,,0,0,,,0.0,0.0,,,6,PBAP MVP-4AP OPoY-6AP CPoY-6,PurdBr00
540,Jalen Reeves-Maybin,28,DET,LB,17,0,0,0,0,,0,0,,,0.0,0.0,,,0,PBAP-2,ReevJa00
541,Anthony Richardson,21,IND,QB,4,4,0,0,0,,0,0,,,0.0,0.0,,,3,,RichAn03
542,Amari Rodgers,24,IND,WR,3,0,2,0,0,,0,0,0.0,,0.0,0.0,0.0,0.0,0,,RodgAm00
543,Mason Rudolph,28,PIT,QB,4,3,0,0,0,,0,0,,,0.0,0.0,,,3,,RudoMa00
544,Cooper Rush,30,DAL,QB,7,0,0,0,0,,0,0,,,0.0,0.0,,,0,,RushCo00
545,Brett Rypien,27,LAR,QB,2,1,0,0,0,,0,0,,,0.0,0.0,,,2,,RypiBr00
546,Trevor Siemian,32,NYJ,QB,5,3,0,0,0,,0,0,,,0.0,0.0,,,5,,SiemTr00
547,Matthew Stafford,35,LAR,QB,15,15,0,0,0,,0,0,,,0.0,0.0,,,0,PBAP MVP-8AP CPoY-4,StafMa00
548,Easton Stick,28,LAC,QB,5,4,0,0,0,,0,0,,,0.0,0.0,,,5,,SticEa00
549,Jarrett Stidham,27,DEN,QB,3,2,0,0,0,,0,0,,,0.0,0.0,,,1,,StidJa00
550,Ryan Stonehouse,24,TEN,P,12,0,0,0,0,,0,0,,,0.0,0.0,,,1,,StonRy00
551,Cole Strange,25,NWE,OL,10,10,0,0,3,,0,0,,,0.0,0.3,,,0,,StraCo01
552,Tua Tagovailoa,25,MIA,QB,17,17,0,0,0,,0,0,,,0.0,0.0,,,13,PBAP CPoY-5,TagoTu00
553,Ryan Tannehill,35,TEN,QB,10,8,1,0,0,,0,0,0.0,,0.0,0.0,0.0,0.0,4,,TannRy00
554,Trent Taylor,29,CHI,WR,17,0,2,0,0,,0,0,0.0,,0.0,0.0,0.0,0.0,2,,TaylTr02
555,Tyrod Taylor,34,NYG,QB,11,5,0,0,0,,0,0,,,0.0,0.0,,,4,,TaylTy00
556,Dorian Thompson-Robinson,24,CLE,QB,8,3,0,0,0,,0,0,,,0.0,0.0,,,2,,ThomDo02
557,Kyle Trask,25,TAM,QB,2,0,0,0,0,,0,0,,,0.0,0.0,,,0,,TrasKy00
558,Mitchell Trubisky,29,PIT,QB,5,2,0,0,0,,0,0,,,0.0,0.0,,,1,,TrubMi00
559,Clayton Tune,24,ARI,QB,7,1,0,0,0,,0,0,,,0.0,0.0,,,2,,TuneCl00
560,Zeke Turner,27,ARI,LB,16,1,0,0,0,,0,0,,,0.0,0.0,,,0,,TurnZe00
561,Greg Van Roten,33,LVR,G,17,17,0,0,5,,0,0,,,0.0,0.3,,,1,,VanRGr00
562,P.J. Walker,28,CLE,QB,6,2,0,0,0,,0,0,,,0.0,0.0,,,4,,WalkPh00
563,Jonathan Ward,26,TEN,RB,7,0,0,0,0,,0,0,,,0.0,0.0,,,0,,WardJo00
564,Deshaun Watson,28,CLE,QB,6,6,0,0,0,,0,0,,,0.0,0.0,,,5,,WatsDe00
565,Tress Way,33,WAS,P,17,0,0,0,0,,0,0,,,0.0,0.0,,,0,,WayxTr00
566,Carson Wentz,31,LAR,QB,2,1,0,0,0,,0,0,,,0.0,0.0,,,0,,WentCa00
567,Mike White,28,MIA,QB,6,0,0,0,0,,0,0,,,0.0,0.0,,,1,,WhitMi01
568,Jonathan Williams,29,WAS,RB,1,0,1,0,0,,0,0,0.0,,0.0,0.0,0.0,0.0,0,,WillJo07
569,Rodney Williams,25,PIT,TE,13,0,2,0,0,,0,0,0.0,,0.0,0.0,0.0,0.0,0,,WillRo08
570,Malik Willis,24,TEN,QB,3,0,0,0,0,,0,0,,,0.0,0.0,,,1,,WillMa12
571,Russell Wilson,35,DEN,QB,15,15,0,0,0,,0,0,,,0.0,0.0,,,10,,WilsRu00
572,Zach Wilson,24,NYJ,QB,12,11,0,0,0,,0,0,,,0.0,0.0,,,11,,WilsZa00
573,Juwann Winfree,27,IND,WR,8,1,1,0,0,,0,0,0.0,,0.0,0.0,0.0,0.0,0,,WinfJu00
574,Jameis Winston,29,NOR,QB,7,0,0,0,0,,0,0,,,0.0,0.0,,,0,,WinsJa00
575,Logan Woodside,28,ATL,QB,1,0,0,0,0,,0,0,,,0.0,0.0,,,0,,WoodLo00
576,Bryce Young,22,CAR,QB,16,16,0,0,0,,0,0,,,0.0,0.0,,,11,,YounBr01
577,Bailey Zappe,24,NWE,QB,10,6,0,0,0,,0,0,,,0.0,0.0,,,2,,ZappBa00
578,Ty Zentner,25,TEN,P,5,0,0,0,0,,0,0,,,0.0,0.0,,,1,,ZentTy00
,League Average,,,,,,,,,,,,50.4,,1.7,18.1,67.5,7.4,,,-9999